{
  "posts": [
    {
      "id": 1,
      "name": "Shushobhan Nath",
      "mobile": "9999999946",
      "email": "nx4.nath@gmail.com"
    },
    {
      "name": "Ashish Kaushik",
      "mobile": "9898989989",
      "email": "akaushik@gmail.com",
      "id": 4
    },
    {
      "name": "Ankur Singh",
      "mobile": "8787878788",
      "email": "asingh@gmail.com",
      "id": 5
    },
    {
      "id": 6,
      "name": "Anuj Kaushik",
      "mobile": "98129898288",
      "email": "akaushik112@gmail.com"
    }
  ],
  "comments": [],
  "profile": {
    "name": "typicode"
  }
}